cluster,count,median_order_size,median_slippage,top_maker_assets,top_taker_assets
0,22802,190.0,0.27651000000000003,"[(0, 72868), (72230300298287057283776402697748671328525002237377884170696567504739749823402, 1074), (22615494915419360531712946524977640090482641303414866788415020877119814496236, 783)]","[(0, 41310), (72230300298287057283776402697748671328525002237377884170696567504739749823402, 1697), (20073127481301940440253184290961200116366977526370778317980285842646959096697, 1423)]"
1,3414,14.492751,4.0000000000000265e-36,"[(0, 5683), (87769991026114894163580777793845523168226980076553814689875238288185044414090, 81), (72230300298287057283776402697748671328525002237377884170696567504739749823402, 57)]","[(0, 1145), (72230300298287057283776402697748671328525002237377884170696567504739749823402, 244), (20073127481301940440253184290961200116366977526370778317980285842646959096697, 189)]"
2,6172,86.20689499999997,1.0000000000000004e-06,"[(0, 14214), (72230300298287057283776402697748671328525002237377884170696567504739749823402, 220), (87769991026114894163580777793845523168226980076553814689875238288185044414090, 141)]","[(0, 5449), (72230300298287057283776402697748671328525002237377884170696567504739749823402, 308), (20073127481301940440253184290961200116366977526370778317980285842646959096697, 253)]"
